number,well position,Name,Sequence
1,A1,read2_bc_1_TGACGTAC,CAAGCAGAAGACGGCATACGAGATTGACGTACGTCTCGTGGGCTCGGAGATGTGTATAAGAGACAG
2,A2,read2_bc_2_TAACTGCA,CAAGCAGAAGACGGCATACGAGATTAACTGCAGTCTCGTGGGCTCGGAGATGTGTATAAGAGACAG
3,A3,read2_bc_3_TCCACAGT,CAAGCAGAAGACGGCATACGAGATTCCACAGTGTCTCGTGGGCTCGGAGATGTGTATAAGAGACAG
4,A4,read2_bc_4_TCTTAACC,CAAGCAGAAGACGGCATACGAGATTCTTAACCGTCTCGTGGGCTCGGAGATGTGTATAAGAGACAG
5,A5,read2_bc_5_TAGTGTGA,CAAGCAGAAGACGGCATACGAGATTAGTGTGAGTCTCGTGGGCTCGGAGATGTGTATAAGAGACAG
6,A6,read2_bc_6_TACCTCTA,CAAGCAGAAGACGGCATACGAGATTACCTCTAGTCTCGTGGGCTCGGAGATGTGTATAAGAGACAG
7,A7,read2_bc_7_TATGTCGC,CAAGCAGAAGACGGCATACGAGATTATGTCGCGTCTCGTGGGCTCGGAGATGTGTATAAGAGACAG
8,A8,read2_bc_8_TGCATGTA,CAAGCAGAAGACGGCATACGAGATTGCATGTAGTCTCGTGGGCTCGGAGATGTGTATAAGAGACAG
9,A9,read2_bc_9_TCATCATC,CAAGCAGAAGACGGCATACGAGATTCATCATCGTCTCGTGGGCTCGGAGATGTGTATAAGAGACAG
10,A10,read2_bc_10_TGCACACA,CAAGCAGAAGACGGCATACGAGATTGCACACAGTCTCGTGGGCTCGGAGATGTGTATAAGAGACAG
11,A11,read2_bc_11_TGTAGCGA,CAAGCAGAAGACGGCATACGAGATTGTAGCGAGTCTCGTGGGCTCGGAGATGTGTATAAGAGACAG
12,A12,read2_bc_12_TCTAGCTT,CAAGCAGAAGACGGCATACGAGATTCTAGCTTGTCTCGTGGGCTCGGAGATGTGTATAAGAGACAG
13,B1,read2_bc_13_TGGTCCTA,CAAGCAGAAGACGGCATACGAGATTGGTCCTAGTCTCGTGGGCTCGGAGATGTGTATAAGAGACAG
14,B2,read2_bc_14_TCCAACGA,CAAGCAGAAGACGGCATACGAGATTCCAACGAGTCTCGTGGGCTCGGAGATGTGTATAAGAGACAG
15,B3,read2_bc_15_TAGGACAC,CAAGCAGAAGACGGCATACGAGATTAGGACACGTCTCGTGGGCTCGGAGATGTGTATAAGAGACAG
16,B4,read2_bc_16_TATACGGA,CAAGCAGAAGACGGCATACGAGATTATACGGAGTCTCGTGGGCTCGGAGATGTGTATAAGAGACAG
17,B5,read2_bc_17_TAAGCGTA,CAAGCAGAAGACGGCATACGAGATTAAGCGTAGTCTCGTGGGCTCGGAGATGTGTATAAGAGACAG
18,B6,read2_bc_18_TCGTTGTA,CAAGCAGAAGACGGCATACGAGATTCGTTGTAGTCTCGTGGGCTCGGAGATGTGTATAAGAGACAG
19,B7,read2_bc_19_TCTCCTTC,CAAGCAGAAGACGGCATACGAGATTCTCCTTCGTCTCGTGGGCTCGGAGATGTGTATAAGAGACAG
20,B8,read2_bc_20_TGATGCTT,CAAGCAGAAGACGGCATACGAGATTGATGCTTGTCTCGTGGGCTCGGAGATGTGTATAAGAGACAG
21,B9,read2_bc_21_TGATCTCA,CAAGCAGAAGACGGCATACGAGATTGATCTCAGTCTCGTGGGCTCGGAGATGTGTATAAGAGACAG
22,B10,read2_bc_22_TGTCTAGA,CAAGCAGAAGACGGCATACGAGATTGTCTAGAGTCTCGTGGGCTCGGAGATGTGTATAAGAGACAG
23,B11,read2_bc_23_TATGAGCA,CAAGCAGAAGACGGCATACGAGATTATGAGCAGTCTCGTGGGCTCGGAGATGTGTATAAGAGACAG
24,B12,read2_bc_24_TGGAGTTA,CAAGCAGAAGACGGCATACGAGATTGGAGTTAGTCTCGTGGGCTCGGAGATGTGTATAAGAGACAG
25,C1,read2_bc_25_TGTGTGTC,CAAGCAGAAGACGGCATACGAGATTGTGTGTCGTCTCGTGGGCTCGGAGATGTGTATAAGAGACAG
26,C2,read2_bc_26_TGCTACAA,CAAGCAGAAGACGGCATACGAGATTGCTACAAGTCTCGTGGGCTCGGAGATGTGTATAAGAGACAG
27,C3,read2_bc_27_TCGTAGAC,CAAGCAGAAGACGGCATACGAGATTCGTAGACGTCTCGTGGGCTCGGAGATGTGTATAAGAGACAG
28,C4,read2_bc_28_TGTAATGC,CAAGCAGAAGACGGCATACGAGATTGTAATGCGTCTCGTGGGCTCGGAGATGTGTATAAGAGACAG
29,C5,read2_bc_29_TATGGAAC,CAAGCAGAAGACGGCATACGAGATTATGGAACGTCTCGTGGGCTCGGAGATGTGTATAAGAGACAG
30,C6,read2_bc_30_TGGTATTC,CAAGCAGAAGACGGCATACGAGATTGGTATTCGTCTCGTGGGCTCGGAGATGTGTATAAGAGACAG
31,C7,read2_bc_31_TCAAGTGA,CAAGCAGAAGACGGCATACGAGATTCAAGTGAGTCTCGTGGGCTCGGAGATGTGTATAAGAGACAG
32,C8,read2_bc_32_TCTTGTGT,CAAGCAGAAGACGGCATACGAGATTCTTGTGTGTCTCGTGGGCTCGGAGATGTGTATAAGAGACAG
33,C9,read2_bc_33_TCTGTAGT,CAAGCAGAAGACGGCATACGAGATTCTGTAGTGTCTCGTGGGCTCGGAGATGTGTATAAGAGACAG
34,C10,read2_bc_34_TCCTGAGA,CAAGCAGAAGACGGCATACGAGATTCCTGAGAGTCTCGTGGGCTCGGAGATGTGTATAAGAGACAG
35,C11,read2_bc_35_TGCACGAT,CAAGCAGAAGACGGCATACGAGATTGCACGATGTCTCGTGGGCTCGGAGATGTGTATAAGAGACAG
36,C12,read2_bc_36_TACGTGGA,CAAGCAGAAGACGGCATACGAGATTACGTGGAGTCTCGTGGGCTCGGAGATGTGTATAAGAGACAG
37,D1,read2_bc_37_TCATGGAT,CAAGCAGAAGACGGCATACGAGATTCATGGATGTCTCGTGGGCTCGGAGATGTGTATAAGAGACAG
38,D2,read2_bc_38_TCTGCGAA,CAAGCAGAAGACGGCATACGAGATTCTGCGAAGTCTCGTGGGCTCGGAGATGTGTATAAGAGACAG
39,D3,read2_bc_39_TGAGACGA,CAAGCAGAAGACGGCATACGAGATTGAGACGAGTCTCGTGGGCTCGGAGATGTGTATAAGAGACAG
40,D4,read2_bc_40_TCGTAAGT,CAAGCAGAAGACGGCATACGAGATTCGTAAGTGTCTCGTGGGCTCGGAGATGTGTATAAGAGACAG
41,D5,read2_bc_41_TAATCCGA,CAAGCAGAAGACGGCATACGAGATTAATCCGAGTCTCGTGGGCTCGGAGATGTGTATAAGAGACAG
42,D6,read2_bc_42_TAGACCAA,CAAGCAGAAGACGGCATACGAGATTAGACCAAGTCTCGTGGGCTCGGAGATGTGTATAAGAGACAG
43,D7,read2_bc_43_TCCGCTAT,CAAGCAGAAGACGGCATACGAGATTCCGCTATGTCTCGTGGGCTCGGAGATGTGTATAAGAGACAG
44,D8,read2_bc_44_TGGTTACA,CAAGCAGAAGACGGCATACGAGATTGGTTACAGTCTCGTGGGCTCGGAGATGTGTATAAGAGACAG
45,D9,read2_bc_45_TAGCCTGT,CAAGCAGAAGACGGCATACGAGATTAGCCTGTGTCTCGTGGGCTCGGAGATGTGTATAAGAGACAG
46,D10,read2_bc_46_TGCGACTT,CAAGCAGAAGACGGCATACGAGATTGCGACTTGTCTCGTGGGCTCGGAGATGTGTATAAGAGACAG
47,D11,read2_bc_47_TCGAACTC,CAAGCAGAAGACGGCATACGAGATTCGAACTCGTCTCGTGGGCTCGGAGATGTGTATAAGAGACAG
48,D12,read2_bc_48_TGAAGAGT,CAAGCAGAAGACGGCATACGAGATTGAAGAGTGTCTCGTGGGCTCGGAGATGTGTATAAGAGACAG
49,E1,read2_bc_49_TAGGTCTT,CAAGCAGAAGACGGCATACGAGATTAGGTCTTGTCTCGTGGGCTCGGAGATGTGTATAAGAGACAG
50,E2,read2_bc_50_TGGATGGT,CAAGCAGAAGACGGCATACGAGATTGGATGGTGTCTCGTGGGCTCGGAGATGTGTATAAGAGACAG
51,E3,read2_bc_51_TACCGTTC,CAAGCAGAAGACGGCATACGAGATTACCGTTCGTCTCGTGGGCTCGGAGATGTGTATAAGAGACAG
52,E4,read2_bc_52_TCTCACTA,CAAGCAGAAGACGGCATACGAGATTCTCACTAGTCTCGTGGGCTCGGAGATGTGTATAAGAGACAG
53,E5,read2_bc_53_TGTTGGAC,CAAGCAGAAGACGGCATACGAGATTGTTGGACGTCTCGTGGGCTCGGAGATGTGTATAAGAGACAG
54,E6,read2_bc_54_TCGCCATA,CAAGCAGAAGACGGCATACGAGATTCGCCATAGTCTCGTGGGCTCGGAGATGTGTATAAGAGACAG
55,E7,read2_bc_55_TGATAAGC,CAAGCAGAAGACGGCATACGAGATTGATAAGCGTCTCGTGGGCTCGGAGATGTGTATAAGAGACAG
56,E8,read2_bc_56_TCAGTCAC,CAAGCAGAAGACGGCATACGAGATTCAGTCACGTCTCGTGGGCTCGGAGATGTGTATAAGAGACAG
57,E9,read2_bc_57_TATCACGT,CAAGCAGAAGACGGCATACGAGATTATCACGTGTCTCGTGGGCTCGGAGATGTGTATAAGAGACAG
58,E10,read2_bc_58_TAAGAACC,CAAGCAGAAGACGGCATACGAGATTAAGAACCGTCTCGTGGGCTCGGAGATGTGTATAAGAGACAG
59,E11,read2_bc_59_TGCTGATC,CAAGCAGAAGACGGCATACGAGATTGCTGATCGTCTCGTGGGCTCGGAGATGTGTATAAGAGACAG
60,E12,read2_bc_60_TATTGTCC,CAAGCAGAAGACGGCATACGAGATTATTGTCCGTCTCGTGGGCTCGGAGATGTGTATAAGAGACAG
61,F1,read2_bc_61_TCAGAGTT,CAAGCAGAAGACGGCATACGAGATTCAGAGTTGTCTCGTGGGCTCGGAGATGTGTATAAGAGACAG
62,F2,read2_bc_62_TAAGGTCA,CAAGCAGAAGACGGCATACGAGATTAAGGTCAGTCTCGTGGGCTCGGAGATGTGTATAAGAGACAG
63,F3,read2_bc_63_TCACTTCC,CAAGCAGAAGACGGCATACGAGATTCACTTCCGTCTCGTGGGCTCGGAGATGTGTATAAGAGACAG
64,F4,read2_bc_64_TCCTTCTT,CAAGCAGAAGACGGCATACGAGATTCCTTCTTGTCTCGTGGGCTCGGAGATGTGTATAAGAGACAG
65,F5,read2_bc_65_TAGATTGC,CAAGCAGAAGACGGCATACGAGATTAGATTGCGTCTCGTGGGCTCGGAGATGTGTATAAGAGACAG
66,F6,read2_bc_66_TGACTCGT,CAAGCAGAAGACGGCATACGAGATTGACTCGTGTCTCGTGGGCTCGGAGATGTGTATAAGAGACAG
67,F7,read2_bc_67_TGGCATAA,CAAGCAGAAGACGGCATACGAGATTGGCATAAGTCTCGTGGGCTCGGAGATGTGTATAAGAGACAG
68,F8,read2_bc_68_TCTATGGC,CAAGCAGAAGACGGCATACGAGATTCTATGGCGTCTCGTGGGCTCGGAGATGTGTATAAGAGACAG
69,F9,read2_bc_69_TCCGATTA,CAAGCAGAAGACGGCATACGAGATTCCGATTAGTCTCGTGGGCTCGGAGATGTGTATAAGAGACAG
70,F10,read2_bc_70_TAACGAGA,CAAGCAGAAGACGGCATACGAGATTAACGAGAGTCTCGTGGGCTCGGAGATGTGTATAAGAGACAG
71,F11,read2_bc_71_TACAGACC,CAAGCAGAAGACGGCATACGAGATTACAGACCGTCTCGTGGGCTCGGAGATGTGTATAAGAGACAG
72,F12,read2_bc_72_TACCGGAT,CAAGCAGAAGACGGCATACGAGATTACCGGATGTCTCGTGGGCTCGGAGATGTGTATAAGAGACAG
73,G1,read2_bc_73_TGTCGCAT,CAAGCAGAAGACGGCATACGAGATTGTCGCATGTCTCGTGGGCTCGGAGATGTGTATAAGAGACAG
74,G2,read2_bc_74_TGCGTTCA,CAAGCAGAAGACGGCATACGAGATTGCGTTCAGTCTCGTGGGCTCGGAGATGTGTATAAGAGACAG
75,G3,read2_bc_75_TCATACCA,CAAGCAGAAGACGGCATACGAGATTCATACCAGTCTCGTGGGCTCGGAGATGTGTATAAGAGACAG
76,G4,read2_bc_76_TCTGTCCA,CAAGCAGAAGACGGCATACGAGATTCTGTCCAGTCTCGTGGGCTCGGAGATGTGTATAAGAGACAG
77,G5,read2_bc_77_TCTTGCAA,CAAGCAGAAGACGGCATACGAGATTCTTGCAAGTCTCGTGGGCTCGGAGATGTGTATAAGAGACAG
78,G6,read2_bc_78_TACCTAGT,CAAGCAGAAGACGGCATACGAGATTACCTAGTGTCTCGTGGGCTCGGAGATGTGTATAAGAGACAG
79,G7,read2_bc_79_TATCGGTA,CAAGCAGAAGACGGCATACGAGATTATCGGTAGTCTCGTGGGCTCGGAGATGTGTATAAGAGACAG
80,G8,read2_bc_80_TCACCAAT,CAAGCAGAAGACGGCATACGAGATTCACCAATGTCTCGTGGGCTCGGAGATGTGTATAAGAGACAG
81,G9,read2_bc_81_TCGAGGAA,CAAGCAGAAGACGGCATACGAGATTCGAGGAAGTCTCGTGGGCTCGGAGATGTGTATAAGAGACAG
82,G10,read2_bc_82_TACCATGA,CAAGCAGAAGACGGCATACGAGATTACCATGAGTCTCGTGGGCTCGGAGATGTGTATAAGAGACAG
83,G11,read2_bc_83_TGTGGATA,CAAGCAGAAGACGGCATACGAGATTGTGGATAGTCTCGTGGGCTCGGAGATGTGTATAAGAGACAG
84,G12,read2_bc_84_TACAAGTC,CAAGCAGAAGACGGCATACGAGATTACAAGTCGTCTCGTGGGCTCGGAGATGTGTATAAGAGACAG
85,H1,read2_bc_85_TACTCCAT,CAAGCAGAAGACGGCATACGAGATTACTCCATGTCTCGTGGGCTCGGAGATGTGTATAAGAGACAG
86,H2,read2_bc_86_TATCTGAC,CAAGCAGAAGACGGCATACGAGATTATCTGACGTCTCGTGGGCTCGGAGATGTGTATAAGAGACAG
87,H3,read2_bc_87_TAGTGCTC,CAAGCAGAAGACGGCATACGAGATTAGTGCTCGTCTCGTGGGCTCGGAGATGTGTATAAGAGACAG
88,H4,read2_bc_88_TGAATGAC,CAAGCAGAAGACGGCATACGAGATTGAATGACGTCTCGTGGGCTCGGAGATGTGTATAAGAGACAG
89,H5,read2_bc_89_TCTTAGGA,CAAGCAGAAGACGGCATACGAGATTCTTAGGAGTCTCGTGGGCTCGGAGATGTGTATAAGAGACAG
90,H6,read2_bc_90_TACGCATC,CAAGCAGAAGACGGCATACGAGATTACGCATCGTCTCGTGGGCTCGGAGATGTGTATAAGAGACAG
91,H7,read2_bc_91_TGGAAGCA,CAAGCAGAAGACGGCATACGAGATTGGAAGCAGTCTCGTGGGCTCGGAGATGTGTATAAGAGACAG
92,H8,read2_bc_92_TCTGACAT,CAAGCAGAAGACGGCATACGAGATTCTGACATGTCTCGTGGGCTCGGAGATGTGTATAAGAGACAG
93,H9,read2_bc_93_TGAGCAAC,CAAGCAGAAGACGGCATACGAGATTGAGCAACGTCTCGTGGGCTCGGAGATGTGTATAAGAGACAG
94,H10,read2_bc_94_TGGATATC,CAAGCAGAAGACGGCATACGAGATTGGATATCGTCTCGTGGGCTCGGAGATGTGTATAAGAGACAG
95,H11,read2_bc_95_TCGCTAAC,CAAGCAGAAGACGGCATACGAGATTCGCTAACGTCTCGTGGGCTCGGAGATGTGTATAAGAGACAG
96,H12,read2_bc_96_TGTACCTC,CAAGCAGAAGACGGCATACGAGATTGTACCTCGTCTCGTGGGCTCGGAGATGTGTATAAGAGACAG